{
  "variants": {
    "": [
      {
        "model": "minecraft:block/spruce_leaves",
        "weight": 500
      },
      {
        "model": "minecraft:block/spruce_leaves_1",
        "weight": 400
      },
      {
        "model": "minecraft:block/spruce_leaves_1_1",
        "weight": 10
      },
      {
        "model": "minecraft:block/spruce_leaves_1_1",
        "weight": 5,
        "y": 90
      },
      {
        "model": "minecraft:block/spruce_leaves_1_1",
        "weight": 5,
        "y": 180
      }
    ]
  }
}
