{
	"credit": "Made with Blockbench",
	"parent": "minecraft:block/birch_leaves",
	"textures": {
		"0": "block/birch_leaves",
		"particle": "block/birch_leaves"
	},
	"elements": [
		{
			"name": "block_leaves",
			"from": [0, 0, 0],
			"to": [16, 16, 16],
			"faces": {
				"north": {"uv": [0, 0, 16, 16], "texture": "#0", "cullface": "north", "tintindex": 0},
				"east": {"uv": [0, 0, 16, 16], "texture": "#0", "cullface": "east", "tintindex": 0},
				"south": {"uv": [0, 0, 16, 16], "texture": "#0", "cullface": "south", "tintindex": 0},
				"west": {"uv": [0, 0, 16, 16], "texture": "#0", "cullface": "west", "tintindex": 0},
				"up": {"uv": [0, 0, 16, 16], "texture": "#0", "cullface": "up", "tintindex": 0},
				"down": {"uv": [0, 0, 16, 16], "texture": "#0", "cullface": "down", "tintindex": 0}
			}
		},
		{
			"from": [10, 8, 4],
			"to": [23, 21, 4],
			"rotation": {"angle": -22.5, "axis": "y", "origin": [0, 0, 0]},
			"faces": {
				"north": {"uv": [0, 0, 13, 13], "texture": "#0", "tintindex": 0},
				"east": {"uv": [0, 0, 0, 16], "texture": "#missing", "tintindex": 0},
				"south": {"uv": [0, 0, 16, 16], "texture": "#0", "tintindex": 0},
				"west": {"uv": [0, 0, 0, 16], "texture": "#missing", "tintindex": 0},
				"up": {"uv": [0, 0, 16, 0], "texture": "#missing", "tintindex": 0},
				"down": {"uv": [0, 0, 16, 0], "texture": "#missing", "tintindex": 0}
			}
		},
		{
			"from": [-3, 8, 4],
			"to": [10, 21, 4],
			"rotation": {"angle": -22.5, "axis": "y", "origin": [0, 0, 0]},
			"faces": {
				"north": {"uv": [0, 0, 13, 13], "texture": "#0", "tintindex": 0},
				"east": {"uv": [0, 0, 0, 16], "texture": "#missing", "tintindex": 0},
				"south": {"uv": [0, 0, 16, 16], "texture": "#0", "tintindex": 0},
				"west": {"uv": [0, 0, 0, 16], "texture": "#missing", "tintindex": 0},
				"up": {"uv": [0, 0, 16, 0], "texture": "#missing", "tintindex": 0},
				"down": {"uv": [0, 0, 16, 0], "texture": "#missing", "tintindex": 0}
			}
		},
		{
			"from": [10, -5, 4],
			"to": [23, 8, 4],
			"rotation": {"angle": -22.5, "axis": "y", "origin": [0, 0, 0]},
			"faces": {
				"north": {"uv": [0, 0, 13, 13], "texture": "#0", "tintindex": 0},
				"east": {"uv": [0, 0, 0, 16], "texture": "#missing", "tintindex": 0},
				"south": {"uv": [0, 0, 16, 16], "texture": "#0", "tintindex": 0},
				"west": {"uv": [0, 0, 0, 16], "texture": "#missing", "tintindex": 0},
				"up": {"uv": [0, 0, 16, 0], "texture": "#missing", "tintindex": 0},
				"down": {"uv": [0, 0, 16, 0], "texture": "#missing", "tintindex": 0}
			}
		},
		{
			"from": [-3, -5, 4],
			"to": [10, 8, 4],
			"rotation": {"angle": -22.5, "axis": "y", "origin": [0, 0, 0]},
			"faces": {
				"north": {"uv": [0, 0, 13, 13], "texture": "#0", "tintindex": 0},
				"east": {"uv": [0, 0, 0, 16], "texture": "#missing", "tintindex": 0},
				"south": {"uv": [0, 0, 16, 16], "texture": "#0", "tintindex": 0},
				"west": {"uv": [0, 0, 0, 16], "texture": "#missing", "tintindex": 0},
				"up": {"uv": [0, 0, 16, 0], "texture": "#missing", "tintindex": 0},
				"down": {"uv": [0, 0, 16, 0], "texture": "#missing", "tintindex": 0}
			}
		},
		{
			"from": [1, 21, 4],
			"to": [19, 24, 4],
			"rotation": {"angle": -22.5, "axis": "y", "origin": [0, 0, 0]},
			"faces": {
				"north": {"uv": [0, 0, 16, 3], "texture": "#0", "tintindex": 0},
				"east": {"uv": [0, 0, 0, 3], "texture": "#missing", "tintindex": 0},
				"south": {"uv": [0, 0, 16, 3], "texture": "#0", "tintindex": 0},
				"west": {"uv": [0, 0, 0, 3], "texture": "#missing", "tintindex": 0},
				"up": {"uv": [0, 0, 16, 0], "texture": "#missing", "tintindex": 0},
				"down": {"uv": [0, 0, 16, 0], "texture": "#missing", "tintindex": 0}
			}
		},
		{
			"from": [1, -8, 4],
			"to": [19, -5, 4],
			"rotation": {"angle": -22.5, "axis": "y", "origin": [0, 0, 0]},
			"faces": {
				"north": {"uv": [0, 0, 16, 3], "texture": "#0", "tintindex": 0},
				"east": {"uv": [0, 0, 0, 3], "texture": "#missing", "tintindex": 0},
				"south": {"uv": [0, 0, 16, 3], "texture": "#0", "tintindex": 0},
				"west": {"uv": [0, 0, 0, 3], "texture": "#missing", "tintindex": 0},
				"up": {"uv": [0, 0, 16, 0], "texture": "#missing", "tintindex": 0},
				"down": {"uv": [0, 0, 16, 0], "texture": "#missing", "tintindex": 0}
			}
		},
		{
			"from": [23, -1, 4],
			"to": [26, 17, 4],
			"rotation": {"angle": -22.5, "axis": "y", "origin": [0, 0, 0]},
			"faces": {
				"north": {"uv": [0, 0, 3, 16], "texture": "#0", "tintindex": 0},
				"east": {"uv": [0, 0, 0, 16], "texture": "#missing", "tintindex": 0},
				"south": {"uv": [0, 0, 3, 16], "texture": "#0", "tintindex": 0},
				"west": {"uv": [0, 0, 0, 16], "texture": "#missing", "tintindex": 0},
				"up": {"uv": [0, 0, 3, 0], "texture": "#missing", "tintindex": 0},
				"down": {"uv": [0, 0, 3, 0], "texture": "#missing", "tintindex": 0}
			}
		},
		{
			"from": [-6, -1, 4],
			"to": [-3, 17, 4],
			"rotation": {"angle": -22.5, "axis": "y", "origin": [0, 0, 0]},
			"faces": {
				"north": {"uv": [0, 0, 3, 16], "texture": "#0", "tintindex": 0},
				"east": {"uv": [0, 0, 0, 16], "texture": "#missing", "tintindex": 0},
				"south": {"uv": [0, 0, 3, 16], "texture": "#0", "tintindex": 0},
				"west": {"uv": [0, 0, 0, 16], "texture": "#missing", "tintindex": 0},
				"up": {"uv": [0, 0, 3, 0], "texture": "#missing", "tintindex": 0},
				"down": {"uv": [0, 0, 3, 0], "texture": "#missing", "tintindex": 0}
			}
		},
		{
			"from": [10, 21, -5],
			"to": [10, 24, 13],
			"rotation": {"angle": -22.5, "axis": "y", "origin": [0, 0, 0]},
			"faces": {
				"north": {"uv": [0, 0, 0, 3], "texture": "#missing", "tintindex": 0},
				"east": {"uv": [0, 0, 16, 3], "texture": "#0", "tintindex": 0},
				"south": {"uv": [0, 0, 0, 3], "texture": "#missing", "tintindex": 0},
				"west": {"uv": [0, 0, 16, 3], "texture": "#0", "tintindex": 0},
				"up": {"uv": [0, 0, 16, 0], "rotation": 90, "texture": "#missing", "tintindex": 0},
				"down": {"uv": [0, 0, 16, 0], "rotation": 270, "texture": "#missing", "tintindex": 0}
			}
		},
		{
			"from": [10, -8, -5],
			"to": [10, -5, 13],
			"rotation": {"angle": -22.5, "axis": "y", "origin": [0, 0, 0]},
			"faces": {
				"north": {"uv": [0, 0, 0, 3], "texture": "#missing", "tintindex": 0},
				"east": {"uv": [0, 0, 16, 3], "texture": "#0", "tintindex": 0},
				"south": {"uv": [0, 0, 0, 3], "texture": "#missing", "tintindex": 0},
				"west": {"uv": [0, 0, 16, 3], "texture": "#0", "tintindex": 0},
				"up": {"uv": [0, 0, 16, 0], "rotation": 90, "texture": "#missing", "tintindex": 0},
				"down": {"uv": [0, 0, 16, 0], "rotation": 270, "texture": "#missing", "tintindex": 0}
			}
		},
		{
			"from": [10, -1, 17],
			"to": [10, 17, 20],
			"rotation": {"angle": -22.5, "axis": "y", "origin": [0, 0, 0]},
			"faces": {
				"north": {"uv": [0, 0, 0, 16], "texture": "#missing", "tintindex": 0},
				"east": {"uv": [0, 0, 3, 16], "texture": "#0", "tintindex": 0},
				"south": {"uv": [0, 0, 0, 16], "texture": "#missing", "tintindex": 0},
				"west": {"uv": [0, 0, 3, 16], "texture": "#0", "tintindex": 0},
				"up": {"uv": [0, 0, 3, 0], "rotation": 90, "texture": "#missing", "tintindex": 0},
				"down": {"uv": [0, 0, 3, 0], "rotation": 270, "texture": "#missing", "tintindex": 0}
			}
		},
		{
			"from": [10, -1, -12],
			"to": [10, 17, -9],
			"rotation": {"angle": -22.5, "axis": "y", "origin": [0, 0, 0]},
			"faces": {
				"north": {"uv": [0, 0, 0, 16], "texture": "#missing", "tintindex": 0},
				"east": {"uv": [0, 0, 3, 16], "texture": "#0", "tintindex": 0},
				"south": {"uv": [0, 0, 0, 16], "texture": "#missing", "tintindex": 0},
				"west": {"uv": [0, 0, 3, 16], "texture": "#0", "tintindex": 0},
				"up": {"uv": [0, 0, 3, 0], "rotation": 90, "texture": "#missing", "tintindex": 0},
				"down": {"uv": [0, 0, 3, 0], "rotation": 270, "texture": "#missing", "tintindex": 0}
			}
		},
		{
			"from": [10, -5, 4],
			"to": [10, 8, 17],
			"rotation": {"angle": -22.5, "axis": "y", "origin": [0, 0, 0]},
			"faces": {
				"north": {"uv": [0, 0, 0, 16], "texture": "#missing", "tintindex": 0},
				"east": {"uv": [0, 0, 16, 16], "texture": "#0", "tintindex": 0},
				"south": {"uv": [0, 0, 0, 16], "texture": "#missing", "tintindex": 0},
				"west": {"uv": [0, 0, 13, 13], "texture": "#0", "tintindex": 0},
				"up": {"uv": [0, 0, 16, 0], "rotation": 270, "texture": "#missing", "tintindex": 0},
				"down": {"uv": [0, 0, 16, 0], "rotation": 90, "texture": "#missing", "tintindex": 0}
			}
		},
		{
			"from": [10, -5, -9],
			"to": [10, 8, 4],
			"rotation": {"angle": -22.5, "axis": "y", "origin": [0, 0, 0]},
			"faces": {
				"north": {"uv": [0, 0, 0, 16], "texture": "#missing", "tintindex": 0},
				"east": {"uv": [0, 0, 16, 16], "texture": "#0", "tintindex": 0},
				"south": {"uv": [0, 0, 0, 16], "texture": "#missing", "tintindex": 0},
				"west": {"uv": [0, 0, 13, 13], "texture": "#0", "tintindex": 0},
				"up": {"uv": [0, 0, 16, 0], "rotation": 270, "texture": "#missing", "tintindex": 0},
				"down": {"uv": [0, 0, 16, 0], "rotation": 90, "texture": "#missing", "tintindex": 0}
			}
		},
		{
			"from": [10, 8, 4],
			"to": [10, 21, 17],
			"rotation": {"angle": -22.5, "axis": "y", "origin": [0, 0, 0]},
			"faces": {
				"north": {"uv": [0, 0, 0, 16], "texture": "#missing", "tintindex": 0},
				"east": {"uv": [0, 0, 16, 16], "texture": "#0", "tintindex": 0},
				"south": {"uv": [0, 0, 0, 16], "texture": "#missing", "tintindex": 0},
				"west": {"uv": [0, 0, 13, 13], "texture": "#0", "tintindex": 0},
				"up": {"uv": [0, 0, 16, 0], "rotation": 270, "texture": "#missing", "tintindex": 0},
				"down": {"uv": [0, 0, 16, 0], "rotation": 90, "texture": "#missing", "tintindex": 0}
			}
		},
		{
			"from": [10, 8, -9],
			"to": [10, 21, 4],
			"rotation": {"angle": -22.5, "axis": "y", "origin": [0, 0, 0]},
			"faces": {
				"north": {"uv": [0, 0, 0, 16], "texture": "#missing", "tintindex": 0},
				"east": {"uv": [0, 0, 16, 16], "texture": "#0", "tintindex": 0},
				"south": {"uv": [0, 0, 0, 16], "texture": "#missing", "tintindex": 0},
				"west": {"uv": [0, 0, 13, 13], "texture": "#0", "tintindex": 0},
				"up": {"uv": [0, 0, 16, 0], "rotation": 270, "texture": "#missing", "tintindex": 0},
				"down": {"uv": [0, 0, 16, 0], "rotation": 90, "texture": "#missing", "tintindex": 0}
			}
		}
	],
	"groups": [
		0,
		{
			"name": "lush_leaves",
			"origin": [8, 8, 8],
			"color": 0,
			"nbt": "{}",
			"armAnimationEnabled": false,
			"children": [1, 2, 3, 4, 5, 6, 7, 8]
		},
		{
			"name": "lush_leaves_2",
			"origin": [8, 8, 8],
			"color": 0,
			"nbt": "{}",
			"armAnimationEnabled": false,
			"children": [9, 10, 11, 12, 13, 14, 15, 16]
		}
	]
}