{
	"credit": "Made with Blockbench",
	"parent": "minecraft:block/acacia_leaves",
	"textures": {
		"0": "block/acacia_leaves",
		"2": "block/acacia_log_top",
		"particle": "block/acacia_leaves"
	},
	"elements": [
		{
			"name": "block_leaves",
			"from": [0, 0, 0],
			"to": [16, 16, 16],
			"faces": {
				"north": {"uv": [0, 0, 16, 16], "texture": "#0", "cullface": "north", "tintindex": 0},
				"east": {"uv": [0, 0, 16, 16], "texture": "#0", "cullface": "east", "tintindex": 0},
				"south": {"uv": [0, 0, 16, 16], "texture": "#0", "cullface": "south", "tintindex": 0},
				"west": {"uv": [0, 0, 16, 16], "texture": "#0", "cullface": "west", "tintindex": 0},
				"up": {"uv": [0, 0, 16, 16], "texture": "#0", "cullface": "up", "tintindex": 0},
				"down": {"uv": [0, 0, 16, 16], "texture": "#0", "cullface": "down", "tintindex": 0}
			}
		},
		{
			"from": [6, -6, 4],
			"to": [7, -1, 4],
			"rotation": {"angle": 0, "axis": "y", "origin": [-2, -5, -4]},
			"faces": {
				"north": {"uv": [2, 3, 3, 8], "texture": "#2"},
				"east": {"uv": [0, 0, 0, 5], "texture": "#2"},
				"south": {"uv": [2, 3, 3, 8], "texture": "#2"},
				"west": {"uv": [0, 0, 0, 5], "texture": "#2"},
				"up": {"uv": [0, 0, 1, 0], "texture": "#0", "tintindex": 0},
				"down": {"uv": [0, 0, 1, 0], "texture": "#0", "tintindex": 0}
			}
		},
		{
			"from": [8, -3, -6],
			"to": [9, 0, -6],
			"rotation": {"angle": -45, "axis": "y", "origin": [-2, -5, -4]},
			"faces": {
				"north": {"uv": [2, 3, 3, 6], "texture": "#2"},
				"east": {"uv": [0, 0, 0, 3], "texture": "#2"},
				"south": {"uv": [2, 3, 3, 6], "texture": "#2"},
				"west": {"uv": [0, 0, 0, 3], "texture": "#2"},
				"up": {"uv": [0, 0, 1, 0], "texture": "#0", "tintindex": 0},
				"down": {"uv": [0, 0, 1, 0], "texture": "#0", "tintindex": 0}
			}
		},
		{
			"from": [8, -3, 0],
			"to": [9, 0, 0],
			"rotation": {"angle": -45, "axis": "y", "origin": [-2, -5, -4]},
			"faces": {
				"north": {"uv": [2, 3, 3, 6], "texture": "#2"},
				"east": {"uv": [0, 0, 0, 3], "texture": "#2"},
				"south": {"uv": [2, 3, 3, 6], "texture": "#2"},
				"west": {"uv": [0, 0, 0, 3], "texture": "#2"},
				"up": {"uv": [0, 0, 1, 0], "texture": "#0", "tintindex": 0},
				"down": {"uv": [0, 0, 1, 0], "texture": "#0", "tintindex": 0}
			}
		},
		{
			"from": [0, -5, 7],
			"to": [1, -1, 7],
			"rotation": {"angle": 22.5, "axis": "y", "origin": [-2, -5, -4]},
			"faces": {
				"north": {"uv": [13, 3, 14, 7], "texture": "#2"},
				"east": {"uv": [0, 0, 0, 4], "texture": "#2"},
				"south": {"uv": [13, 3, 14, 7], "texture": "#2"},
				"west": {"uv": [0, 0, 0, 4], "texture": "#2"},
				"up": {"uv": [0, 0, 1, 0], "texture": "#0", "tintindex": 0},
				"down": {"uv": [0, 0, 1, 0], "texture": "#0", "tintindex": 0}
			}
		},
		{
			"from": [4, -5, 2],
			"to": [5, 1, 2],
			"rotation": {"angle": 0, "axis": "y", "origin": [-2, -5, -4]},
			"faces": {
				"north": {"uv": [13, 7, 14, 13], "texture": "#2"},
				"east": {"uv": [0, 0, 0, 6], "texture": "#2"},
				"south": {"uv": [13, 7, 14, 13], "texture": "#2"},
				"west": {"uv": [0, 0, 0, 6], "texture": "#2"},
				"up": {"uv": [0, 0, 1, 0], "texture": "#0", "tintindex": 0},
				"down": {"uv": [0, 0, 1, 0], "texture": "#0", "tintindex": 0}
			}
		},
		{
			"from": [5, -4, 1],
			"to": [6, 0, 1],
			"rotation": {"angle": -22.5, "axis": "y", "origin": [-2, -5, -4]},
			"faces": {
				"north": {"uv": [2, 3, 3, 7], "texture": "#2"},
				"east": {"uv": [0, 0, 0, 4], "texture": "#2"},
				"south": {"uv": [2, 3, 3, 7], "texture": "#2"},
				"west": {"uv": [0, 0, 0, 4], "texture": "#2"},
				"up": {"uv": [0, 0, 1, 0], "texture": "#0", "tintindex": 0},
				"down": {"uv": [0, 0, 1, 0], "texture": "#0", "tintindex": 0}
			}
		},
		{
			"from": [10, -4, 2],
			"to": [10, 0, 3],
			"rotation": {"angle": -22.5, "axis": "y", "origin": [-2, -5, -4]},
			"faces": {
				"north": {"uv": [0, 0, 0, 4], "texture": "#2"},
				"east": {"uv": [2, 3, 3, 7], "texture": "#2"},
				"south": {"uv": [0, 0, 0, 4], "texture": "#2"},
				"west": {"uv": [2, 3, 3, 7], "texture": "#2"},
				"up": {"uv": [0, 0, 1, 0], "rotation": 90, "texture": "#0", "tintindex": 0},
				"down": {"uv": [0, 0, 1, 0], "rotation": 270, "texture": "#0", "tintindex": 0}
			}
		},
		{
			"from": [10, 8, 4],
			"to": [23, 21, 4],
			"rotation": {"angle": -22.5, "axis": "y", "origin": [0, 0, 0]},
			"faces": {
				"north": {"uv": [0, 0, 13, 13], "texture": "#0", "tintindex": 0},
				"east": {"uv": [0, 0, 0, 16], "texture": "#missing", "tintindex": 0},
				"south": {"uv": [0, 0, 16, 16], "texture": "#0", "tintindex": 0},
				"west": {"uv": [0, 0, 0, 16], "texture": "#missing", "tintindex": 0},
				"up": {"uv": [0, 0, 16, 0], "texture": "#missing", "tintindex": 0},
				"down": {"uv": [0, 0, 16, 0], "texture": "#missing", "tintindex": 0}
			}
		},
		{
			"from": [-3, 8, 4],
			"to": [10, 21, 4],
			"rotation": {"angle": -22.5, "axis": "y", "origin": [0, 0, 0]},
			"faces": {
				"north": {"uv": [0, 0, 13, 13], "texture": "#0", "tintindex": 0},
				"east": {"uv": [0, 0, 0, 16], "texture": "#missing", "tintindex": 0},
				"south": {"uv": [0, 0, 16, 16], "texture": "#0", "tintindex": 0},
				"west": {"uv": [0, 0, 0, 16], "texture": "#missing", "tintindex": 0},
				"up": {"uv": [0, 0, 16, 0], "texture": "#missing", "tintindex": 0},
				"down": {"uv": [0, 0, 16, 0], "texture": "#missing", "tintindex": 0}
			}
		},
		{
			"from": [10, -5, 4],
			"to": [23, 8, 4],
			"rotation": {"angle": -22.5, "axis": "y", "origin": [0, 0, 0]},
			"faces": {
				"north": {"uv": [0, 0, 13, 13], "texture": "#0", "tintindex": 0},
				"east": {"uv": [0, 0, 0, 16], "texture": "#missing", "tintindex": 0},
				"south": {"uv": [0, 0, 16, 16], "texture": "#0", "tintindex": 0},
				"west": {"uv": [0, 0, 0, 16], "texture": "#missing", "tintindex": 0},
				"up": {"uv": [0, 0, 16, 0], "texture": "#missing", "tintindex": 0},
				"down": {"uv": [0, 0, 16, 0], "texture": "#missing", "tintindex": 0}
			}
		},
		{
			"from": [-3, -5, 4],
			"to": [10, 8, 4],
			"rotation": {"angle": -22.5, "axis": "y", "origin": [0, 0, 0]},
			"faces": {
				"north": {"uv": [0, 0, 13, 13], "texture": "#0", "tintindex": 0},
				"east": {"uv": [0, 0, 0, 16], "texture": "#missing", "tintindex": 0},
				"south": {"uv": [0, 0, 16, 16], "texture": "#0", "tintindex": 0},
				"west": {"uv": [0, 0, 0, 16], "texture": "#missing", "tintindex": 0},
				"up": {"uv": [0, 0, 16, 0], "texture": "#missing", "tintindex": 0},
				"down": {"uv": [0, 0, 16, 0], "texture": "#missing", "tintindex": 0}
			}
		},
		{
			"from": [1, 21, 4],
			"to": [19, 24, 4],
			"rotation": {"angle": -22.5, "axis": "y", "origin": [0, 0, 0]},
			"faces": {
				"north": {"uv": [0, 0, 16, 3], "texture": "#0", "tintindex": 0},
				"east": {"uv": [0, 0, 0, 3], "texture": "#missing", "tintindex": 0},
				"south": {"uv": [0, 0, 16, 3], "texture": "#0", "tintindex": 0},
				"west": {"uv": [0, 0, 0, 3], "texture": "#missing", "tintindex": 0},
				"up": {"uv": [0, 0, 16, 0], "texture": "#missing", "tintindex": 0},
				"down": {"uv": [0, 0, 16, 0], "texture": "#missing", "tintindex": 0}
			}
		},
		{
			"from": [1, -8, 4],
			"to": [19, -5, 4],
			"rotation": {"angle": -22.5, "axis": "y", "origin": [0, 0, 0]},
			"faces": {
				"north": {"uv": [0, 0, 16, 3], "texture": "#0", "tintindex": 0},
				"east": {"uv": [0, 0, 0, 3], "texture": "#missing", "tintindex": 0},
				"south": {"uv": [0, 0, 16, 3], "texture": "#0", "tintindex": 0},
				"west": {"uv": [0, 0, 0, 3], "texture": "#missing", "tintindex": 0},
				"up": {"uv": [0, 0, 16, 0], "texture": "#missing", "tintindex": 0},
				"down": {"uv": [0, 0, 16, 0], "texture": "#missing", "tintindex": 0}
			}
		},
		{
			"from": [23, -1, 4],
			"to": [26, 17, 4],
			"rotation": {"angle": -22.5, "axis": "y", "origin": [0, 0, 0]},
			"faces": {
				"north": {"uv": [0, 0, 3, 16], "texture": "#0", "tintindex": 0},
				"east": {"uv": [0, 0, 0, 16], "texture": "#missing", "tintindex": 0},
				"south": {"uv": [0, 0, 3, 16], "texture": "#0", "tintindex": 0},
				"west": {"uv": [0, 0, 0, 16], "texture": "#missing", "tintindex": 0},
				"up": {"uv": [0, 0, 3, 0], "texture": "#missing", "tintindex": 0},
				"down": {"uv": [0, 0, 3, 0], "texture": "#missing", "tintindex": 0}
			}
		},
		{
			"from": [-6, -1, 4],
			"to": [-3, 17, 4],
			"rotation": {"angle": -22.5, "axis": "y", "origin": [0, 0, 0]},
			"faces": {
				"north": {"uv": [0, 0, 3, 16], "texture": "#0", "tintindex": 0},
				"east": {"uv": [0, 0, 0, 16], "texture": "#missing", "tintindex": 0},
				"south": {"uv": [0, 0, 3, 16], "texture": "#0", "tintindex": 0},
				"west": {"uv": [0, 0, 0, 16], "texture": "#missing", "tintindex": 0},
				"up": {"uv": [0, 0, 3, 0], "texture": "#missing", "tintindex": 0},
				"down": {"uv": [0, 0, 3, 0], "texture": "#missing", "tintindex": 0}
			}
		},
		{
			"from": [10, 21, -5],
			"to": [10, 24, 13],
			"rotation": {"angle": -22.5, "axis": "y", "origin": [0, 0, 0]},
			"faces": {
				"north": {"uv": [0, 0, 0, 3], "texture": "#missing", "tintindex": 0},
				"east": {"uv": [0, 0, 16, 3], "texture": "#0", "tintindex": 0},
				"south": {"uv": [0, 0, 0, 3], "texture": "#missing", "tintindex": 0},
				"west": {"uv": [0, 0, 16, 3], "texture": "#0", "tintindex": 0},
				"up": {"uv": [0, 0, 16, 0], "rotation": 90, "texture": "#missing", "tintindex": 0},
				"down": {"uv": [0, 0, 16, 0], "rotation": 270, "texture": "#missing", "tintindex": 0}
			}
		},
		{
			"from": [10, -8, -5],
			"to": [10, -5, 13],
			"rotation": {"angle": -22.5, "axis": "y", "origin": [0, 0, 0]},
			"faces": {
				"north": {"uv": [0, 0, 0, 3], "texture": "#missing", "tintindex": 0},
				"east": {"uv": [0, 0, 16, 3], "texture": "#0", "tintindex": 0},
				"south": {"uv": [0, 0, 0, 3], "texture": "#missing", "tintindex": 0},
				"west": {"uv": [0, 0, 16, 3], "texture": "#0", "tintindex": 0},
				"up": {"uv": [0, 0, 16, 0], "rotation": 90, "texture": "#missing", "tintindex": 0},
				"down": {"uv": [0, 0, 16, 0], "rotation": 270, "texture": "#missing", "tintindex": 0}
			}
		},
		{
			"from": [10, -1, 17],
			"to": [10, 17, 20],
			"rotation": {"angle": -22.5, "axis": "y", "origin": [0, 0, 0]},
			"faces": {
				"north": {"uv": [0, 0, 0, 16], "texture": "#missing", "tintindex": 0},
				"east": {"uv": [0, 0, 3, 16], "texture": "#0", "tintindex": 0},
				"south": {"uv": [0, 0, 0, 16], "texture": "#missing", "tintindex": 0},
				"west": {"uv": [0, 0, 3, 16], "texture": "#0", "tintindex": 0},
				"up": {"uv": [0, 0, 3, 0], "rotation": 90, "texture": "#missing", "tintindex": 0},
				"down": {"uv": [0, 0, 3, 0], "rotation": 270, "texture": "#missing", "tintindex": 0}
			}
		},
		{
			"from": [10, -1, -12],
			"to": [10, 17, -9],
			"rotation": {"angle": -22.5, "axis": "y", "origin": [0, 0, 0]},
			"faces": {
				"north": {"uv": [0, 0, 0, 16], "texture": "#missing", "tintindex": 0},
				"east": {"uv": [0, 0, 3, 16], "texture": "#0", "tintindex": 0},
				"south": {"uv": [0, 0, 0, 16], "texture": "#missing", "tintindex": 0},
				"west": {"uv": [0, 0, 3, 16], "texture": "#0", "tintindex": 0},
				"up": {"uv": [0, 0, 3, 0], "rotation": 90, "texture": "#missing", "tintindex": 0},
				"down": {"uv": [0, 0, 3, 0], "rotation": 270, "texture": "#missing", "tintindex": 0}
			}
		},
		{
			"from": [10, -5, 4],
			"to": [10, 8, 17],
			"rotation": {"angle": -22.5, "axis": "y", "origin": [0, 0, 0]},
			"faces": {
				"north": {"uv": [0, 0, 0, 16], "texture": "#missing", "tintindex": 0},
				"east": {"uv": [0, 0, 16, 16], "texture": "#0", "tintindex": 0},
				"south": {"uv": [0, 0, 0, 16], "texture": "#missing", "tintindex": 0},
				"west": {"uv": [0, 0, 13, 13], "texture": "#0", "tintindex": 0},
				"up": {"uv": [0, 0, 16, 0], "rotation": 270, "texture": "#missing", "tintindex": 0},
				"down": {"uv": [0, 0, 16, 0], "rotation": 90, "texture": "#missing", "tintindex": 0}
			}
		},
		{
			"from": [10, -5, -9],
			"to": [10, 8, 4],
			"rotation": {"angle": -22.5, "axis": "y", "origin": [0, 0, 0]},
			"faces": {
				"north": {"uv": [0, 0, 0, 16], "texture": "#missing", "tintindex": 0},
				"east": {"uv": [0, 0, 16, 16], "texture": "#0", "tintindex": 0},
				"south": {"uv": [0, 0, 0, 16], "texture": "#missing", "tintindex": 0},
				"west": {"uv": [0, 0, 13, 13], "texture": "#0", "tintindex": 0},
				"up": {"uv": [0, 0, 16, 0], "rotation": 270, "texture": "#missing", "tintindex": 0},
				"down": {"uv": [0, 0, 16, 0], "rotation": 90, "texture": "#missing", "tintindex": 0}
			}
		},
		{
			"from": [10, 8, 4],
			"to": [10, 21, 17],
			"rotation": {"angle": -22.5, "axis": "y", "origin": [0, 0, 0]},
			"faces": {
				"north": {"uv": [0, 0, 0, 16], "texture": "#missing", "tintindex": 0},
				"east": {"uv": [0, 0, 16, 16], "texture": "#0", "tintindex": 0},
				"south": {"uv": [0, 0, 0, 16], "texture": "#missing", "tintindex": 0},
				"west": {"uv": [0, 0, 13, 13], "texture": "#0", "tintindex": 0},
				"up": {"uv": [0, 0, 16, 0], "rotation": 270, "texture": "#missing", "tintindex": 0},
				"down": {"uv": [0, 0, 16, 0], "rotation": 90, "texture": "#missing", "tintindex": 0}
			}
		},
		{
			"from": [10, 8, -9],
			"to": [10, 21, 4],
			"rotation": {"angle": -22.5, "axis": "y", "origin": [0, 0, 0]},
			"faces": {
				"north": {"uv": [0, 0, 0, 16], "texture": "#missing", "tintindex": 0},
				"east": {"uv": [0, 0, 16, 16], "texture": "#0", "tintindex": 0},
				"south": {"uv": [0, 0, 0, 16], "texture": "#missing", "tintindex": 0},
				"west": {"uv": [0, 0, 13, 13], "texture": "#0", "tintindex": 0},
				"up": {"uv": [0, 0, 16, 0], "rotation": 270, "texture": "#missing", "tintindex": 0},
				"down": {"uv": [0, 0, 16, 0], "rotation": 90, "texture": "#missing", "tintindex": 0}
			}
		}
	],
	"groups": [
		0,
		{
			"name": "group",
			"origin": [1, 11, 0],
			"color": 0,
			"nbt": "{}",
			"armAnimationEnabled": false,
			"children": [1, 2, 3, 4, 5, 6, 7]
		},
		{
			"name": "lush_leaves",
			"origin": [8, 8, 8],
			"color": 0,
			"nbt": "{}",
			"armAnimationEnabled": false,
			"children": [8, 9, 10, 11, 12, 13, 14, 15]
		},
		{
			"name": "lush_leaves_2",
			"origin": [8, 8, 8],
			"color": 0,
			"nbt": "{}",
			"armAnimationEnabled": false,
			"children": [16, 17, 18, 19, 20, 21, 22, 23]
		}
	]
}