{
	"credit": "Made with Blockbench",
	"parent": "minecraft:block/spruce_leaves",
	"textures": {
		"0": "block/spruce_leaves",
		"2": "block/spruce_log",
		"particle": "block/spruce_leaves"
	},
	"elements": [
		{
			"name": "block_leaves",
			"from": [0, 0, 0],
			"to": [16, 16, 16],
			"faces": {
				"north": {"uv": [0, 0, 16, 16], "texture": "#0", "cullface": "north", "tintindex": 0},
				"east": {"uv": [0, 0, 16, 16], "texture": "#0", "cullface": "east", "tintindex": 0},
				"south": {"uv": [0, 0, 16, 16], "texture": "#0", "cullface": "south", "tintindex": 0},
				"west": {"uv": [0, 0, 16, 16], "texture": "#0", "cullface": "west", "tintindex": 0},
				"up": {"uv": [0, 0, 16, 16], "texture": "#0", "cullface": "up", "tintindex": 0},
				"down": {"uv": [0, 0, 16, 16], "texture": "#0", "cullface": "down", "tintindex": 0}
			}
		},
		{
			"from": [3, 0, 2],
			"to": [10, 1, 9],
			"rotation": {"angle": -22.5, "axis": "z", "origin": [0, 0, 0]},
			"faces": {
				"north": {"uv": [0, 0, 7, 1], "rotation": 180, "texture": "#2"},
				"east": {"uv": [0, 0, 7, 1], "rotation": 180, "texture": "#2"},
				"south": {"uv": [0, 0, 7, 1], "rotation": 180, "texture": "#2"},
				"west": {"uv": [0, 0, 7, 1], "rotation": 180, "texture": "#2"},
				"up": {"uv": [0, 0, 7, 7], "rotation": 180, "texture": "#2"},
				"down": {"uv": [0, 0, 7, 7], "rotation": 180, "texture": "#2"}
			}
		},
		{
			"from": [3, -2, 2],
			"to": [10, -1, 9],
			"rotation": {"angle": -22.5, "axis": "z", "origin": [0, 0, 0]},
			"faces": {
				"north": {"uv": [9, 0, 16, 1], "rotation": 180, "texture": "#2"},
				"east": {"uv": [9, 0, 16, 1], "rotation": 180, "texture": "#2"},
				"south": {"uv": [9, 0, 16, 1], "rotation": 180, "texture": "#2"},
				"west": {"uv": [9, 0, 16, 1], "rotation": 180, "texture": "#2"},
				"up": {"uv": [0, 0, 7, 7], "rotation": 180, "texture": "#2"},
				"down": {"uv": [0, 0, 7, 7], "rotation": 180, "texture": "#2"}
			}
		},
		{
			"from": [3, -4, 2],
			"to": [10, -3, 9],
			"rotation": {"angle": -22.5, "axis": "z", "origin": [0, 0, 0]},
			"faces": {
				"north": {"uv": [2, 0, 9, 1], "rotation": 180, "texture": "#2"},
				"east": {"uv": [2, 0, 9, 1], "rotation": 180, "texture": "#2"},
				"south": {"uv": [2, 0, 9, 1], "rotation": 180, "texture": "#2"},
				"west": {"uv": [2, 0, 9, 1], "rotation": 180, "texture": "#2"},
				"up": {"uv": [0, 0, 7, 7], "rotation": 180, "texture": "#2"},
				"down": {"uv": [0, 0, 7, 7], "rotation": 180, "texture": "#2"}
			}
		},
		{
			"from": [5, 2, 4],
			"to": [8, 3, 7],
			"rotation": {"angle": -22.5, "axis": "z", "origin": [0, 0, 0]},
			"faces": {
				"north": {"uv": [0, 0, 3, 1], "rotation": 180, "texture": "#2"},
				"east": {"uv": [0, 0, 3, 1], "rotation": 180, "texture": "#2"},
				"south": {"uv": [0, 0, 3, 1], "rotation": 180, "texture": "#2"},
				"west": {"uv": [0, 0, 3, 1], "rotation": 180, "texture": "#2"},
				"up": {"uv": [0, 0, 3, 3], "rotation": 180, "texture": "#2"},
				"down": {"uv": [0, 0, 3, 3], "rotation": 180, "texture": "#2"}
			}
		},
		{
			"from": [4, -5, 3],
			"to": [9, 2, 8],
			"rotation": {"angle": -22.5, "axis": "z", "origin": [0, 0, 0]},
			"faces": {
				"north": {"uv": [0, 0, 5, 7], "rotation": 180, "texture": "#2"},
				"east": {"uv": [0, 0, 5, 7], "rotation": 180, "texture": "#2"},
				"south": {"uv": [0, 0, 5, 7], "rotation": 180, "texture": "#2"},
				"west": {"uv": [0, 0, 5, 7], "rotation": 180, "texture": "#2"},
				"up": {"uv": [0, 0, 5, 5], "rotation": 180, "texture": "#2"},
				"down": {"uv": [0, 0, 5, 5], "rotation": 180, "texture": "#2"}
			}
		},
		{
			"from": [5, -6, 4],
			"to": [8, -5, 7],
			"rotation": {"angle": -22.5, "axis": "z", "origin": [0, 0, 0]},
			"faces": {
				"north": {"uv": [0, 0, 3, 1], "rotation": 180, "texture": "#2"},
				"east": {"uv": [0, 0, 3, 1], "rotation": 180, "texture": "#2"},
				"south": {"uv": [0, 0, 3, 1], "rotation": 180, "texture": "#2"},
				"west": {"uv": [0, 0, 3, 1], "rotation": 180, "texture": "#2"},
				"up": {"uv": [0, 0, 3, 3], "rotation": 180, "texture": "#2"},
				"down": {"uv": [0, 0, 3, 3], "rotation": 180, "texture": "#2"}
			}
		},
		{
			"from": [5.5, -7, 4.5],
			"to": [7.5, -6, 6.5],
			"rotation": {"angle": -22.5, "axis": "z", "origin": [0, 0, 0]},
			"faces": {
				"north": {"uv": [0, 0, 2, 1], "rotation": 180, "texture": "#2"},
				"east": {"uv": [0, 0, 2, 1], "rotation": 180, "texture": "#2"},
				"south": {"uv": [0, 0, 2, 1], "rotation": 180, "texture": "#2"},
				"west": {"uv": [0, 0, 2, 1], "rotation": 180, "texture": "#2"},
				"up": {"uv": [0, 0, 2, 2], "rotation": 180, "texture": "#2"},
				"down": {"uv": [0, 0, 2, 2], "rotation": 180, "texture": "#2"}
			}
		},
		{
			"from": [10, 8, 4],
			"to": [23, 21, 4],
			"rotation": {"angle": -22.5, "axis": "y", "origin": [0, 0, 0]},
			"faces": {
				"north": {"uv": [0, 0, 13, 13], "texture": "#0", "tintindex": 0},
				"east": {"uv": [0, 0, 0, 16], "texture": "#missing", "tintindex": 0},
				"south": {"uv": [0, 0, 16, 16], "texture": "#0", "tintindex": 0},
				"west": {"uv": [0, 0, 0, 16], "texture": "#missing", "tintindex": 0},
				"up": {"uv": [0, 0, 16, 0], "texture": "#missing", "tintindex": 0},
				"down": {"uv": [0, 0, 16, 0], "texture": "#missing", "tintindex": 0}
			}
		},
		{
			"from": [-3, 8, 4],
			"to": [10, 21, 4],
			"rotation": {"angle": -22.5, "axis": "y", "origin": [0, 0, 0]},
			"faces": {
				"north": {"uv": [0, 0, 13, 13], "texture": "#0", "tintindex": 0},
				"east": {"uv": [0, 0, 0, 16], "texture": "#missing", "tintindex": 0},
				"south": {"uv": [0, 0, 16, 16], "texture": "#0", "tintindex": 0},
				"west": {"uv": [0, 0, 0, 16], "texture": "#missing", "tintindex": 0},
				"up": {"uv": [0, 0, 16, 0], "texture": "#missing", "tintindex": 0},
				"down": {"uv": [0, 0, 16, 0], "texture": "#missing", "tintindex": 0}
			}
		},
		{
			"from": [10, -5, 4],
			"to": [23, 8, 4],
			"rotation": {"angle": -22.5, "axis": "y", "origin": [0, 0, 0]},
			"faces": {
				"north": {"uv": [0, 0, 13, 13], "texture": "#0", "tintindex": 0},
				"east": {"uv": [0, 0, 0, 16], "texture": "#missing", "tintindex": 0},
				"south": {"uv": [0, 0, 16, 16], "texture": "#0", "tintindex": 0},
				"west": {"uv": [0, 0, 0, 16], "texture": "#missing", "tintindex": 0},
				"up": {"uv": [0, 0, 16, 0], "texture": "#missing", "tintindex": 0},
				"down": {"uv": [0, 0, 16, 0], "texture": "#missing", "tintindex": 0}
			}
		},
		{
			"from": [-3, -5, 4],
			"to": [10, 8, 4],
			"rotation": {"angle": -22.5, "axis": "y", "origin": [0, 0, 0]},
			"faces": {
				"north": {"uv": [0, 0, 13, 13], "texture": "#0", "tintindex": 0},
				"east": {"uv": [0, 0, 0, 16], "texture": "#missing", "tintindex": 0},
				"south": {"uv": [0, 0, 16, 16], "texture": "#0", "tintindex": 0},
				"west": {"uv": [0, 0, 0, 16], "texture": "#missing", "tintindex": 0},
				"up": {"uv": [0, 0, 16, 0], "texture": "#missing", "tintindex": 0},
				"down": {"uv": [0, 0, 16, 0], "texture": "#missing", "tintindex": 0}
			}
		},
		{
			"from": [1, 21, 4],
			"to": [19, 24, 4],
			"rotation": {"angle": -22.5, "axis": "y", "origin": [0, 0, 0]},
			"faces": {
				"north": {"uv": [0, 0, 16, 3], "texture": "#0", "tintindex": 0},
				"east": {"uv": [0, 0, 0, 3], "texture": "#missing", "tintindex": 0},
				"south": {"uv": [0, 0, 16, 3], "texture": "#0", "tintindex": 0},
				"west": {"uv": [0, 0, 0, 3], "texture": "#missing", "tintindex": 0},
				"up": {"uv": [0, 0, 16, 0], "texture": "#missing", "tintindex": 0},
				"down": {"uv": [0, 0, 16, 0], "texture": "#missing", "tintindex": 0}
			}
		},
		{
			"from": [1, -8, 4],
			"to": [19, -5, 4],
			"rotation": {"angle": -22.5, "axis": "y", "origin": [0, 0, 0]},
			"faces": {
				"north": {"uv": [0, 0, 16, 3], "texture": "#0", "tintindex": 0},
				"east": {"uv": [0, 0, 0, 3], "texture": "#missing", "tintindex": 0},
				"south": {"uv": [0, 0, 16, 3], "texture": "#0", "tintindex": 0},
				"west": {"uv": [0, 0, 0, 3], "texture": "#missing", "tintindex": 0},
				"up": {"uv": [0, 0, 16, 0], "texture": "#missing", "tintindex": 0},
				"down": {"uv": [0, 0, 16, 0], "texture": "#missing", "tintindex": 0}
			}
		},
		{
			"from": [23, -1, 4],
			"to": [26, 17, 4],
			"rotation": {"angle": -22.5, "axis": "y", "origin": [0, 0, 0]},
			"faces": {
				"north": {"uv": [0, 0, 3, 16], "texture": "#0", "tintindex": 0},
				"east": {"uv": [0, 0, 0, 16], "texture": "#missing", "tintindex": 0},
				"south": {"uv": [0, 0, 3, 16], "texture": "#0", "tintindex": 0},
				"west": {"uv": [0, 0, 0, 16], "texture": "#missing", "tintindex": 0},
				"up": {"uv": [0, 0, 3, 0], "texture": "#missing", "tintindex": 0},
				"down": {"uv": [0, 0, 3, 0], "texture": "#missing", "tintindex": 0}
			}
		},
		{
			"from": [-6, -1, 4],
			"to": [-3, 17, 4],
			"rotation": {"angle": -22.5, "axis": "y", "origin": [0, 0, 0]},
			"faces": {
				"north": {"uv": [0, 0, 3, 16], "texture": "#0", "tintindex": 0},
				"east": {"uv": [0, 0, 0, 16], "texture": "#missing", "tintindex": 0},
				"south": {"uv": [0, 0, 3, 16], "texture": "#0", "tintindex": 0},
				"west": {"uv": [0, 0, 0, 16], "texture": "#missing", "tintindex": 0},
				"up": {"uv": [0, 0, 3, 0], "texture": "#missing", "tintindex": 0},
				"down": {"uv": [0, 0, 3, 0], "texture": "#missing", "tintindex": 0}
			}
		},
		{
			"from": [10, 21, -5],
			"to": [10, 24, 13],
			"rotation": {"angle": -22.5, "axis": "y", "origin": [0, 0, 0]},
			"faces": {
				"north": {"uv": [0, 0, 0, 3], "texture": "#missing", "tintindex": 0},
				"east": {"uv": [0, 0, 16, 3], "texture": "#0", "tintindex": 0},
				"south": {"uv": [0, 0, 0, 3], "texture": "#missing", "tintindex": 0},
				"west": {"uv": [0, 0, 16, 3], "texture": "#0", "tintindex": 0},
				"up": {"uv": [0, 0, 16, 0], "rotation": 90, "texture": "#missing", "tintindex": 0},
				"down": {"uv": [0, 0, 16, 0], "rotation": 270, "texture": "#missing", "tintindex": 0}
			}
		},
		{
			"from": [10, -8, -5],
			"to": [10, -5, 13],
			"rotation": {"angle": -22.5, "axis": "y", "origin": [0, 0, 0]},
			"faces": {
				"north": {"uv": [0, 0, 0, 3], "texture": "#missing", "tintindex": 0},
				"east": {"uv": [0, 0, 16, 3], "texture": "#0", "tintindex": 0},
				"south": {"uv": [0, 0, 0, 3], "texture": "#missing", "tintindex": 0},
				"west": {"uv": [0, 0, 16, 3], "texture": "#0", "tintindex": 0},
				"up": {"uv": [0, 0, 16, 0], "rotation": 90, "texture": "#missing", "tintindex": 0},
				"down": {"uv": [0, 0, 16, 0], "rotation": 270, "texture": "#missing", "tintindex": 0}
			}
		},
		{
			"from": [10, -1, 17],
			"to": [10, 17, 20],
			"rotation": {"angle": -22.5, "axis": "y", "origin": [0, 0, 0]},
			"faces": {
				"north": {"uv": [0, 0, 0, 16], "texture": "#missing", "tintindex": 0},
				"east": {"uv": [0, 0, 3, 16], "texture": "#0", "tintindex": 0},
				"south": {"uv": [0, 0, 0, 16], "texture": "#missing", "tintindex": 0},
				"west": {"uv": [0, 0, 3, 16], "texture": "#0", "tintindex": 0},
				"up": {"uv": [0, 0, 3, 0], "rotation": 90, "texture": "#missing", "tintindex": 0},
				"down": {"uv": [0, 0, 3, 0], "rotation": 270, "texture": "#missing", "tintindex": 0}
			}
		},
		{
			"from": [10, -1, -12],
			"to": [10, 17, -9],
			"rotation": {"angle": -22.5, "axis": "y", "origin": [0, 0, 0]},
			"faces": {
				"north": {"uv": [0, 0, 0, 16], "texture": "#missing", "tintindex": 0},
				"east": {"uv": [0, 0, 3, 16], "texture": "#0", "tintindex": 0},
				"south": {"uv": [0, 0, 0, 16], "texture": "#missing", "tintindex": 0},
				"west": {"uv": [0, 0, 3, 16], "texture": "#0", "tintindex": 0},
				"up": {"uv": [0, 0, 3, 0], "rotation": 90, "texture": "#missing", "tintindex": 0},
				"down": {"uv": [0, 0, 3, 0], "rotation": 270, "texture": "#missing", "tintindex": 0}
			}
		},
		{
			"from": [10, -5, 4],
			"to": [10, 8, 17],
			"rotation": {"angle": -22.5, "axis": "y", "origin": [0, 0, 0]},
			"faces": {
				"north": {"uv": [0, 0, 0, 16], "texture": "#missing", "tintindex": 0},
				"east": {"uv": [0, 0, 16, 16], "texture": "#0", "tintindex": 0},
				"south": {"uv": [0, 0, 0, 16], "texture": "#missing", "tintindex": 0},
				"west": {"uv": [0, 0, 13, 13], "texture": "#0", "tintindex": 0},
				"up": {"uv": [0, 0, 16, 0], "rotation": 270, "texture": "#missing", "tintindex": 0},
				"down": {"uv": [0, 0, 16, 0], "rotation": 90, "texture": "#missing", "tintindex": 0}
			}
		},
		{
			"from": [10, -5, -9],
			"to": [10, 8, 4],
			"rotation": {"angle": -22.5, "axis": "y", "origin": [0, 0, 0]},
			"faces": {
				"north": {"uv": [0, 0, 0, 16], "texture": "#missing", "tintindex": 0},
				"east": {"uv": [0, 0, 16, 16], "texture": "#0", "tintindex": 0},
				"south": {"uv": [0, 0, 0, 16], "texture": "#missing", "tintindex": 0},
				"west": {"uv": [0, 0, 13, 13], "texture": "#0", "tintindex": 0},
				"up": {"uv": [0, 0, 16, 0], "rotation": 270, "texture": "#missing", "tintindex": 0},
				"down": {"uv": [0, 0, 16, 0], "rotation": 90, "texture": "#missing", "tintindex": 0}
			}
		},
		{
			"from": [10, 8, 4],
			"to": [10, 21, 17],
			"rotation": {"angle": -22.5, "axis": "y", "origin": [0, 0, 0]},
			"faces": {
				"north": {"uv": [0, 0, 0, 16], "texture": "#missing", "tintindex": 0},
				"east": {"uv": [0, 0, 16, 16], "texture": "#0", "tintindex": 0},
				"south": {"uv": [0, 0, 0, 16], "texture": "#missing", "tintindex": 0},
				"west": {"uv": [0, 0, 13, 13], "texture": "#0", "tintindex": 0},
				"up": {"uv": [0, 0, 16, 0], "rotation": 270, "texture": "#missing", "tintindex": 0},
				"down": {"uv": [0, 0, 16, 0], "rotation": 90, "texture": "#missing", "tintindex": 0}
			}
		},
		{
			"from": [10, 8, -9],
			"to": [10, 21, 4],
			"rotation": {"angle": -22.5, "axis": "y", "origin": [0, 0, 0]},
			"faces": {
				"north": {"uv": [0, 0, 0, 16], "texture": "#missing", "tintindex": 0},
				"east": {"uv": [0, 0, 16, 16], "texture": "#0", "tintindex": 0},
				"south": {"uv": [0, 0, 0, 16], "texture": "#missing", "tintindex": 0},
				"west": {"uv": [0, 0, 13, 13], "texture": "#0", "tintindex": 0},
				"up": {"uv": [0, 0, 16, 0], "rotation": 270, "texture": "#missing", "tintindex": 0},
				"down": {"uv": [0, 0, 16, 0], "rotation": 90, "texture": "#missing", "tintindex": 0}
			}
		}
	],
	"groups": [
		0,
		{
			"name": "group",
			"origin": [0, 0, 0],
			"color": 0,
			"nbt": "{}",
			"armAnimationEnabled": false,
			"children": [1, 2, 3, 4, 5, 6, 7]
		},
		{
			"name": "lush_leaves",
			"origin": [8, 8, 8],
			"color": 0,
			"nbt": "{}",
			"armAnimationEnabled": false,
			"children": [8, 9, 10, 11, 12, 13, 14, 15]
		},
		{
			"name": "lush_leaves_2",
			"origin": [8, 8, 8],
			"color": 0,
			"nbt": "{}",
			"armAnimationEnabled": false,
			"children": [16, 17, 18, 19, 20, 21, 22, 23]
		}
	]
}