{
	"credit": "Made with Blockbench",
	"parent": "minecraft:block/oak_leaves",
	"textures": {
		"0": "block/oak_leaves",
		"2": "block/acacia_log",
		"3": "block/oak_log",
		"4": "block/dark_oak_log",
		"particle": "block/oak_leaves"
	},
	"elements": [
		{
			"name": "block_leaves",
			"from": [0, 0, 0],
			"to": [16, 16, 16],
			"faces": {
				"north": {"uv": [0, 0, 16, 16], "texture": "#0", "cullface": "north", "tintindex": 0},
				"east": {"uv": [0, 0, 16, 16], "texture": "#0", "cullface": "east", "tintindex": 0},
				"south": {"uv": [0, 0, 16, 16], "texture": "#0", "cullface": "south", "tintindex": 0},
				"west": {"uv": [0, 0, 16, 16], "texture": "#0", "cullface": "west", "tintindex": 0},
				"up": {"uv": [0, 0, 16, 16], "texture": "#0", "cullface": "up", "tintindex": 0},
				"down": {"uv": [0, 0, 16, 16], "texture": "#0", "cullface": "down", "tintindex": 0}
			}
		},
		{
			"from": [6, -4, 3],
			"to": [7, -3, 4],
			"rotation": {"angle": -22.5, "axis": "z", "origin": [0, 0, 0]},
			"faces": {
				"north": {"uv": [1, 2, 2, 3], "texture": "#3"},
				"east": {"uv": [1, 2, 2, 3], "texture": "#3"},
				"south": {"uv": [1, 2, 2, 3], "texture": "#3"},
				"west": {"uv": [1, 2, 2, 3], "texture": "#3"},
				"up": {"uv": [0, 0, 1, 1], "texture": "#0", "tintindex": 0},
				"down": {"uv": [1, 2, 2, 3], "texture": "#3"}
			}
		},
		{
			"from": [6, 2, 3],
			"to": [7, 3, 4],
			"rotation": {"angle": -22.5, "axis": "z", "origin": [0, 0, 0]},
			"faces": {
				"north": {"uv": [0, 2, 1, 3], "texture": "#2"},
				"east": {"uv": [1, 2, 2, 3], "texture": "#2"},
				"south": {"uv": [1, 2, 2, 3], "texture": "#2"},
				"west": {"uv": [2, 2, 3, 3], "texture": "#2"},
				"up": {"uv": [1, 0, 2, 1], "texture": "#2"},
				"down": {"uv": [0, 0, 1, 1], "texture": "#0", "tintindex": 0}
			}
		},
		{
			"from": [7, 3, 3],
			"to": [8, 4, 4],
			"rotation": {"angle": -22.5, "axis": "z", "origin": [0, 0, 0]},
			"faces": {
				"north": {"uv": [0, 0, 1, 1], "texture": "#2"},
				"east": {"uv": [0, 0, 1, 1], "texture": "#2"},
				"south": {"uv": [0, 0, 1, 1], "texture": "#2"},
				"west": {"uv": [0, 0, 1, 1], "texture": "#2"},
				"up": {"uv": [0, 0, 1, 1], "texture": "#2"},
				"down": {"uv": [0, 0, 1, 1], "texture": "#2"}
			}
		},
		{
			"from": [5, -2, 2],
			"to": [8, 0, 5],
			"rotation": {"angle": -22.5, "axis": "z", "origin": [0, 0, 0]},
			"faces": {
				"north": {"uv": [8, 4, 11, 6], "texture": "#3"},
				"east": {"uv": [8, 4, 11, 6], "texture": "#3"},
				"south": {"uv": [8, 4, 11, 6], "texture": "#3"},
				"west": {"uv": [8, 4, 11, 6], "texture": "#3"},
				"up": {"uv": [0, 0, 3, 3], "texture": "#0", "tintindex": 0},
				"down": {"uv": [4, 1, 5, 2], "texture": "#3"}
			}
		},
		{
			"from": [5.25, -3, 2.25],
			"to": [7.75, -2, 4.75],
			"rotation": {"angle": -22.5, "axis": "z", "origin": [0, 0, 0]},
			"faces": {
				"north": {"uv": [3, 1, 4, 2], "texture": "#3"},
				"east": {"uv": [3, 1, 4, 2], "texture": "#3"},
				"south": {"uv": [3, 1, 4, 2], "texture": "#3"},
				"west": {"uv": [3, 1, 4, 2], "texture": "#3"},
				"up": {"uv": [0, 0, 2.5, 2.5], "texture": "#0", "tintindex": 0},
				"down": {"uv": [3, 1, 4, 2], "texture": "#3"}
			}
		},
		{
			"from": [4, 0, 1],
			"to": [9, 1, 6],
			"rotation": {"angle": -22.5, "axis": "z", "origin": [0, 0, 0]},
			"faces": {
				"north": {"uv": [0, 0, 5, 1], "texture": "#4"},
				"east": {"uv": [0, 0, 5, 1], "texture": "#4"},
				"south": {"uv": [0, 0, 5, 1], "texture": "#4"},
				"west": {"uv": [0, 0, 5, 1], "texture": "#4"},
				"up": {"uv": [0, 0, 5, 5], "texture": "#4"},
				"down": {"uv": [0, 0, 5, 5], "texture": "#4"}
			}
		},
		{
			"from": [5, 1, 2],
			"to": [8, 2, 5],
			"rotation": {"angle": -22.5, "axis": "z", "origin": [0, 0, 0]},
			"faces": {
				"north": {"uv": [0, 0, 3, 1], "texture": "#4"},
				"east": {"uv": [0, 0, 3, 1], "texture": "#4"},
				"south": {"uv": [0, 0, 3, 1], "texture": "#4"},
				"west": {"uv": [0, 0, 3, 1], "texture": "#4"},
				"up": {"uv": [0, 0, 3, 3], "texture": "#4"},
				"down": {"uv": [0, 0, 3, 3], "texture": "#0", "tintindex": 0}
			}
		},
		{
			"from": [10, 8, 4],
			"to": [23, 21, 4],
			"rotation": {"angle": -22.5, "axis": "y", "origin": [0, 0, 0]},
			"faces": {
				"north": {"uv": [0, 0, 13, 13], "texture": "#0", "tintindex": 0},
				"east": {"uv": [0, 0, 0, 16], "texture": "#missing", "tintindex": 0},
				"south": {"uv": [0, 0, 16, 16], "texture": "#0", "tintindex": 0},
				"west": {"uv": [0, 0, 0, 16], "texture": "#missing", "tintindex": 0},
				"up": {"uv": [0, 0, 16, 0], "texture": "#missing", "tintindex": 0},
				"down": {"uv": [0, 0, 16, 0], "texture": "#missing", "tintindex": 0}
			}
		},
		{
			"from": [-3, 8, 4],
			"to": [10, 21, 4],
			"rotation": {"angle": -22.5, "axis": "y", "origin": [0, 0, 0]},
			"faces": {
				"north": {"uv": [0, 0, 13, 13], "texture": "#0", "tintindex": 0},
				"east": {"uv": [0, 0, 0, 16], "texture": "#missing", "tintindex": 0},
				"south": {"uv": [0, 0, 16, 16], "texture": "#0", "tintindex": 0},
				"west": {"uv": [0, 0, 0, 16], "texture": "#missing", "tintindex": 0},
				"up": {"uv": [0, 0, 16, 0], "texture": "#missing", "tintindex": 0},
				"down": {"uv": [0, 0, 16, 0], "texture": "#missing", "tintindex": 0}
			}
		},
		{
			"from": [10, -5, 4],
			"to": [23, 8, 4],
			"rotation": {"angle": -22.5, "axis": "y", "origin": [0, 0, 0]},
			"faces": {
				"north": {"uv": [0, 0, 13, 13], "texture": "#0", "tintindex": 0},
				"east": {"uv": [0, 0, 0, 16], "texture": "#missing", "tintindex": 0},
				"south": {"uv": [0, 0, 16, 16], "texture": "#0", "tintindex": 0},
				"west": {"uv": [0, 0, 0, 16], "texture": "#missing", "tintindex": 0},
				"up": {"uv": [0, 0, 16, 0], "texture": "#missing", "tintindex": 0},
				"down": {"uv": [0, 0, 16, 0], "texture": "#missing", "tintindex": 0}
			}
		},
		{
			"from": [-3, -5, 4],
			"to": [10, 8, 4],
			"rotation": {"angle": -22.5, "axis": "y", "origin": [0, 0, 0]},
			"faces": {
				"north": {"uv": [0, 0, 13, 13], "texture": "#0", "tintindex": 0},
				"east": {"uv": [0, 0, 0, 16], "texture": "#missing", "tintindex": 0},
				"south": {"uv": [0, 0, 16, 16], "texture": "#0", "tintindex": 0},
				"west": {"uv": [0, 0, 0, 16], "texture": "#missing", "tintindex": 0},
				"up": {"uv": [0, 0, 16, 0], "texture": "#missing", "tintindex": 0},
				"down": {"uv": [0, 0, 16, 0], "texture": "#missing", "tintindex": 0}
			}
		},
		{
			"from": [1, 21, 4],
			"to": [19, 24, 4],
			"rotation": {"angle": -22.5, "axis": "y", "origin": [0, 0, 0]},
			"faces": {
				"north": {"uv": [0, 0, 16, 3], "texture": "#0", "tintindex": 0},
				"east": {"uv": [0, 0, 0, 3], "texture": "#missing", "tintindex": 0},
				"south": {"uv": [0, 0, 16, 3], "texture": "#0", "tintindex": 0},
				"west": {"uv": [0, 0, 0, 3], "texture": "#missing", "tintindex": 0},
				"up": {"uv": [0, 0, 16, 0], "texture": "#missing", "tintindex": 0},
				"down": {"uv": [0, 0, 16, 0], "texture": "#missing", "tintindex": 0}
			}
		},
		{
			"from": [1, -8, 4],
			"to": [19, -5, 4],
			"rotation": {"angle": -22.5, "axis": "y", "origin": [0, 0, 0]},
			"faces": {
				"north": {"uv": [0, 0, 16, 3], "texture": "#0", "tintindex": 0},
				"east": {"uv": [0, 0, 0, 3], "texture": "#missing", "tintindex": 0},
				"south": {"uv": [0, 0, 16, 3], "texture": "#0", "tintindex": 0},
				"west": {"uv": [0, 0, 0, 3], "texture": "#missing", "tintindex": 0},
				"up": {"uv": [0, 0, 16, 0], "texture": "#missing", "tintindex": 0},
				"down": {"uv": [0, 0, 16, 0], "texture": "#missing", "tintindex": 0}
			}
		},
		{
			"from": [23, -1, 4],
			"to": [26, 17, 4],
			"rotation": {"angle": -22.5, "axis": "y", "origin": [0, 0, 0]},
			"faces": {
				"north": {"uv": [0, 0, 3, 16], "texture": "#0", "tintindex": 0},
				"east": {"uv": [0, 0, 0, 16], "texture": "#missing", "tintindex": 0},
				"south": {"uv": [0, 0, 3, 16], "texture": "#0", "tintindex": 0},
				"west": {"uv": [0, 0, 0, 16], "texture": "#missing", "tintindex": 0},
				"up": {"uv": [0, 0, 3, 0], "texture": "#missing", "tintindex": 0},
				"down": {"uv": [0, 0, 3, 0], "texture": "#missing", "tintindex": 0}
			}
		},
		{
			"from": [-6, -1, 4],
			"to": [-3, 17, 4],
			"rotation": {"angle": -22.5, "axis": "y", "origin": [0, 0, 0]},
			"faces": {
				"north": {"uv": [0, 0, 3, 16], "texture": "#0", "tintindex": 0},
				"east": {"uv": [0, 0, 0, 16], "texture": "#missing", "tintindex": 0},
				"south": {"uv": [0, 0, 3, 16], "texture": "#0", "tintindex": 0},
				"west": {"uv": [0, 0, 0, 16], "texture": "#missing", "tintindex": 0},
				"up": {"uv": [0, 0, 3, 0], "texture": "#missing", "tintindex": 0},
				"down": {"uv": [0, 0, 3, 0], "texture": "#missing", "tintindex": 0}
			}
		},
		{
			"from": [10, 21, -5],
			"to": [10, 24, 13],
			"rotation": {"angle": -22.5, "axis": "y", "origin": [0, 0, 0]},
			"faces": {
				"north": {"uv": [0, 0, 0, 3], "texture": "#missing", "tintindex": 0},
				"east": {"uv": [0, 0, 16, 3], "texture": "#0", "tintindex": 0},
				"south": {"uv": [0, 0, 0, 3], "texture": "#missing", "tintindex": 0},
				"west": {"uv": [0, 0, 16, 3], "texture": "#0", "tintindex": 0},
				"up": {"uv": [0, 0, 16, 0], "rotation": 90, "texture": "#missing", "tintindex": 0},
				"down": {"uv": [0, 0, 16, 0], "rotation": 270, "texture": "#missing", "tintindex": 0}
			}
		},
		{
			"from": [10, -8, -5],
			"to": [10, -5, 13],
			"rotation": {"angle": -22.5, "axis": "y", "origin": [0, 0, 0]},
			"faces": {
				"north": {"uv": [0, 0, 0, 3], "texture": "#missing", "tintindex": 0},
				"east": {"uv": [0, 0, 16, 3], "texture": "#0", "tintindex": 0},
				"south": {"uv": [0, 0, 0, 3], "texture": "#missing", "tintindex": 0},
				"west": {"uv": [0, 0, 16, 3], "texture": "#0", "tintindex": 0},
				"up": {"uv": [0, 0, 16, 0], "rotation": 90, "texture": "#missing", "tintindex": 0},
				"down": {"uv": [0, 0, 16, 0], "rotation": 270, "texture": "#missing", "tintindex": 0}
			}
		},
		{
			"from": [10, -1, 17],
			"to": [10, 17, 20],
			"rotation": {"angle": -22.5, "axis": "y", "origin": [0, 0, 0]},
			"faces": {
				"north": {"uv": [0, 0, 0, 16], "texture": "#missing", "tintindex": 0},
				"east": {"uv": [0, 0, 3, 16], "texture": "#0", "tintindex": 0},
				"south": {"uv": [0, 0, 0, 16], "texture": "#missing", "tintindex": 0},
				"west": {"uv": [0, 0, 3, 16], "texture": "#0", "tintindex": 0},
				"up": {"uv": [0, 0, 3, 0], "rotation": 90, "texture": "#missing", "tintindex": 0},
				"down": {"uv": [0, 0, 3, 0], "rotation": 270, "texture": "#missing", "tintindex": 0}
			}
		},
		{
			"from": [10, -1, -12],
			"to": [10, 17, -9],
			"rotation": {"angle": -22.5, "axis": "y", "origin": [0, 0, 0]},
			"faces": {
				"north": {"uv": [0, 0, 0, 16], "texture": "#missing", "tintindex": 0},
				"east": {"uv": [0, 0, 3, 16], "texture": "#0", "tintindex": 0},
				"south": {"uv": [0, 0, 0, 16], "texture": "#missing", "tintindex": 0},
				"west": {"uv": [0, 0, 3, 16], "texture": "#0", "tintindex": 0},
				"up": {"uv": [0, 0, 3, 0], "rotation": 90, "texture": "#missing", "tintindex": 0},
				"down": {"uv": [0, 0, 3, 0], "rotation": 270, "texture": "#missing", "tintindex": 0}
			}
		},
		{
			"from": [10, -5, 4],
			"to": [10, 8, 17],
			"rotation": {"angle": -22.5, "axis": "y", "origin": [0, 0, 0]},
			"faces": {
				"north": {"uv": [0, 0, 0, 16], "texture": "#missing", "tintindex": 0},
				"east": {"uv": [0, 0, 16, 16], "texture": "#0", "tintindex": 0},
				"south": {"uv": [0, 0, 0, 16], "texture": "#missing", "tintindex": 0},
				"west": {"uv": [0, 0, 13, 13], "texture": "#0", "tintindex": 0},
				"up": {"uv": [0, 0, 16, 0], "rotation": 270, "texture": "#missing", "tintindex": 0},
				"down": {"uv": [0, 0, 16, 0], "rotation": 90, "texture": "#missing", "tintindex": 0}
			}
		},
		{
			"from": [10, -5, -9],
			"to": [10, 8, 4],
			"rotation": {"angle": -22.5, "axis": "y", "origin": [0, 0, 0]},
			"faces": {
				"north": {"uv": [0, 0, 0, 16], "texture": "#missing", "tintindex": 0},
				"east": {"uv": [0, 0, 16, 16], "texture": "#0", "tintindex": 0},
				"south": {"uv": [0, 0, 0, 16], "texture": "#missing", "tintindex": 0},
				"west": {"uv": [0, 0, 13, 13], "texture": "#0", "tintindex": 0},
				"up": {"uv": [0, 0, 16, 0], "rotation": 270, "texture": "#missing", "tintindex": 0},
				"down": {"uv": [0, 0, 16, 0], "rotation": 90, "texture": "#missing", "tintindex": 0}
			}
		},
		{
			"from": [10, 8, 4],
			"to": [10, 21, 17],
			"rotation": {"angle": -22.5, "axis": "y", "origin": [0, 0, 0]},
			"faces": {
				"north": {"uv": [0, 0, 0, 16], "texture": "#missing", "tintindex": 0},
				"east": {"uv": [0, 0, 16, 16], "texture": "#0", "tintindex": 0},
				"south": {"uv": [0, 0, 0, 16], "texture": "#missing", "tintindex": 0},
				"west": {"uv": [0, 0, 13, 13], "texture": "#0", "tintindex": 0},
				"up": {"uv": [0, 0, 16, 0], "rotation": 270, "texture": "#missing", "tintindex": 0},
				"down": {"uv": [0, 0, 16, 0], "rotation": 90, "texture": "#missing", "tintindex": 0}
			}
		},
		{
			"from": [10, 8, -9],
			"to": [10, 21, 4],
			"rotation": {"angle": -22.5, "axis": "y", "origin": [0, 0, 0]},
			"faces": {
				"north": {"uv": [0, 0, 0, 16], "texture": "#missing", "tintindex": 0},
				"east": {"uv": [0, 0, 16, 16], "texture": "#0", "tintindex": 0},
				"south": {"uv": [0, 0, 0, 16], "texture": "#missing", "tintindex": 0},
				"west": {"uv": [0, 0, 13, 13], "texture": "#0", "tintindex": 0},
				"up": {"uv": [0, 0, 16, 0], "rotation": 270, "texture": "#missing", "tintindex": 0},
				"down": {"uv": [0, 0, 16, 0], "rotation": 90, "texture": "#missing", "tintindex": 0}
			}
		}
	],
	"groups": [
		0,
		{
			"name": "group",
			"origin": [8, 8, 8],
			"color": 0,
			"nbt": "{}",
			"armAnimationEnabled": false,
			"children": [1, 2, 3, 4, 5, 6, 7]
		},
		{
			"name": "lush_leaves",
			"origin": [8, 8, 8],
			"color": 0,
			"nbt": "{}",
			"armAnimationEnabled": false,
			"children": [8, 9, 10, 11, 12, 13, 14, 15]
		},
		{
			"name": "lush_leaves_2",
			"origin": [8, 8, 8],
			"color": 0,
			"nbt": "{}",
			"armAnimationEnabled": false,
			"children": [16, 17, 18, 19, 20, 21, 22, 23]
		}
	]
}